Age,Gender,Height,Weight,Duration,Heart_Rate,Body_Temp,Calories
56,Female,177.0024295336242,59.65689518379451,42.412527856459434,115.9012992437351,35.84540813435757,321.9642872262618
69,Male,168.67700556057537,77.42433276342288,7.292009533131134,120.13736509878073,37.07852680270072,118.26114668106958
46,Female,169.26388884208095,76.27378832179001,9.663560882519178,141.6895916614614,37.54097102987043,75.54962234164167
32,Male,167.1777881101279,76.00618043857655,44.39778634344752,108.44939812984893,37.497766234541544,269.6370156403312
60,Male,172.95477524423183,66.61429528646,8.964638479927036,129.60292272444738,37.40803642169693,121.11996828494725
25,Female,159.02654131433343,70.05122126767615,8.919120027089223,174.61734466447135,36.962894510725306,173.636143616336
78,Female,173.40922198558954,82.26629043814074,5.66596613791881,127.5470140552646,37.54373208701575,111.32077780053032
38,Female,169.13586493168387,47.65910410526041,57.60757690647141,116.39020422136733,37.46208091192795,381.619350974084
56,Male,172.75635157887407,70.36963147642876,45.562959770245385,104.41696696143406,36.78868321963922,290.6109247039228
75,Female,172.78723034970662,71.34934222190185,24.42882746761353,116.11336909159343,37.33829900830792,162.31977410572267
36,Male,145.47735398684267,81.29956403616474,21.30945697082104,102.27559312781189,36.73202042729535,172.24372745689885
40,Male,160.9870618133533,49.746273820857624,24.233677636021724,125.37322853367544,37.27001211580846,205.67778462412932
28,Male,168.91371335911145,92.42700618276118,47.605944214965,122.07088277278785,36.35044167784947,332.0322713028736
28,Female,169.44515041702326,73.20445636642765,41.375383608872795,76.75561558164414,36.38889409566354,242.11390775998166
41,Female,172.59389308999695,73.99870820042405,15.185756232710737,119.62883988467865,37.52910352347195,150.91888952994492
70,Male,173.02348290331642,63.9793036400166,14.57601344337464,141.52292625280026,37.46878006110238,216.52880619655977
53,Male,185.16233322933897,78.07033532195265,10.411760734236852,112.017762955945,37.316805770287914,106.82340921980501
57,Female,173.12458481097948,70.71931075424658,41.3166495835736,106.94206455176877,37.04398441052641,294.4845413093014
41,Male,166.8697629178356,88.134729161597,47.040496422195474,92.44598453766295,35.80436278448793,265.932379156892
20,Female,154.00876527462518,48.37758627904577,19.57755355787522,82.84015916751191,36.962562030896756,171.09695974823904
39,Male,156.31409884458142,72.63318744835762,6.151972856700205,136.62698534126508,37.22709158359492,103.01680538487193
70,Female,175.35491809975204,76.1276852256614,9.519441711203504,116.37043340841608,36.73263337622021,136.66249599198278
19,Male,180.6044681411047,67.20441408455362,58.23230191647668,135.44043124006845,36.64375290359588,353.2125373924197
41,Female,185.41370996918184,63.9300126503943,21.249462761258116,150.6264748915894,37.722210194076844,206.5566110507377
61,Male,161.72106921084287,64.55564081546939,47.30727313109735,138.4249536982069,36.96985550430419,306.94252883440225
47,Female,166.96135564569073,72.61958904051743,39.35649628698451,109.15255357122409,37.22739758482119,258.8436712733573
55,Female,172.4233368608311,42.85061648528941,26.006680180909274,122.89735329315111,37.38706573080968,213.17698262460937
19,Male,190.47398921130238,84.47522441594845,16.312799420755532,107.70454269686164,36.49928146174746,152.1511262490527
77,Male,171.14861468213897,62.79802198456224,11.676252998767353,105.83423074796674,37.0966037113571,137.745415927515
38,Female,185.5126285473297,71.91704046050174,38.82571324213767,126.85630324805247,37.65982224723865,275.3150035999981
50,Male,171.69972902907307,75.50653400182101,47.604857935078336,103.35412233763655,37.90961159164986,313.7031846697017
29,Female,181.53245186428455,62.11291919030565,40.41473394476219,75.81696761822599,37.019968198607344,267.51775871708367
75,Male,180.2657984655208,68.03442389501507,34.16661732870371,102.23704208545247,36.881028226326464,235.36156576292646
39,Female,171.6608813250815,39.47139639061744,7.307317288739995,113.86237702625255,37.13451203406877,85.388198153976
78,Female,159.79616752737846,80.98185410999608,58.26688276769111,150.42796995663844,37.12181852351376,380.1967097311778
61,Female,167.3090556207105,86.20103500483248,48.9292805410016,110.1812510025727,37.693379033065575,349.50012230441286
42,Female,184.8904517388448,44.4850967209187,21.10521201855306,130.2384818205855,36.501804155416465,186.31429170086466
66,Female,178.77825168480115,63.90260684955607,58.89836811473678,116.6338353207586,36.86006345691699,355.0815712207206
44,Female,165.66349673228152,51.55195932638778,38.10348742999771,144.5281028774077,36.44142933656175,286.2782885543631
76,Male,166.576913613756,67.33389517768892,37.033246201398555,143.14192770927917,36.49395255710121,286.30367511372185
59,Male,152.69126896234434,79.72954502081441,46.144024868624264,143.52350210479838,37.18828700756956,336.80072041772104
45,Male,184.44338791981812,84.80963348884937,49.64733834495757,85.32032941165295,37.40492892081851,296.78300246984344
77,Female,178.86063560246154,86.82779784140273,41.10632340323264,124.13448094489989,36.675304153128124,279.99937695531605
33,Female,168.62922178958146,89.6581573703832,12.045266050141002,135.17877200243896,37.38604739448765,141.17657913529922
32,Female,172.00134419173423,66.66380832316652,23.604712829697412,127.63077125178663,37.555789328565986,194.62513403000648
79,Female,148.2913417186959,52.795620568998416,56.04460021793273,132.73192651643657,37.96735299921669,373.2060342214562
79,Male,165.13285503957252,68.28114549538047,17.353858651411855,121.16702008570955,37.034873424420525,173.76084304314847
64,Male,183.34445640864135,79.49901253455364,25.469186311063233,105.10431586546946,36.680117736277936,211.25213239156022
79,Female,179.8154737673008,51.591103286187135,28.76422856193078,86.05805230027497,36.49876403419705,229.407882793078
68,Male,173.30700557063932,94.90205430172364,29.16727443319487,107.08861142703049,36.449103401040055,241.6291128198393
61,Male,169.85281741365063,83.46832808140513,38.7116770371989,173.56219747276785,37.624890350701804,302.5439498468782
72,Female,177.96405429696327,66.90149247353007,56.86917107595892,110.28697647818656,36.24245232852218,335.8820878398969
69,Male,167.18614893448913,59.33692104383138,18.238099150787775,80.81219547818512,37.6088742428256,135.10672963676345
74,Female,153.3530680380499,59.963183783310356,11.682575696550494,134.65298721458166,36.56577948537392,138.49422587147188
20,Male,169.93800860326127,71.11309320700234,15.860876942296553,137.1092001736529,36.6573969010703,185.77550930713218
54,Female,174.03119327085577,66.55896095904471,53.78086951150982,145.7464878030428,36.92422227249501,361.19864106466207
68,Female,181.2267768479802,84.25754132923937,40.51959469603633,129.4195700741356,36.648172725216746,279.4611018182524
24,Female,155.58804239504002,64.85536257546056,20.724873408153805,136.91203028933904,37.465989877479785,176.87913324353218
38,Female,168.77088693448545,77.58252715917237,49.87708164327395,156.80434269683983,37.90667197599139,349.67077353411685
26,Male,169.24696345244877,69.56612673737695,52.37534979998898,105.0905301587577,36.671283921223434,353.0916033448788
56,Female,158.98748095152888,74.04504036095607,51.55828862796529,101.12298589152564,36.783881080417686,362.38683430937846
35,Female,174.87673274923293,66.54915346605426,55.5409593501755,98.10826920894142,36.91833959635805,342.6083054345712
21,Female,177.47368031611802,80.61573311874432,18.873256109534886,114.68460827012034,37.27052838174632,174.99844100310594
42,Male,167.09307691968957,80.83810120435116,46.5273060810453,148.66844839650338,36.92325786052207,306.9433508416359
77,Female,190.55092608621473,76.89893538733216,30.3296723500777,130.5613673549247,37.6936287055263,278.78257742603984
31,Male,166.80639992466342,79.11271490724256,51.30992040895338,129.77383905418435,37.57331195828096,317.1502792809102
67,Female,165.53316529309333,55.834468336854215,45.066987243888725,83.61384142670553,36.40726882320245,307.32544366946365
75,Male,165.24328652031397,74.84868644363469,47.70460955748486,106.13626345527162,37.260484082787414,306.7390663879011
26,Male,161.8450092671151,88.738026512313,41.08890107245893,83.28684734275926,37.76016961865475,261.7220071105618
43,Female,164.40974506766142,77.37106850529246,14.758582320833877,143.42491578643086,36.75260952711656,146.51661861125405
70,Male,155.65911130767475,54.53923745797715,34.976480539331604,151.71292985771464,36.85286756410322,315.3016118510511
19,Female,168.08467176086708,69.25350235526373,59.15683567384795,135.59133454480764,36.735981501073525,388.7857288137905
37,Female,170.57474003024296,75.62466907509564,56.55634365734154,100.2642790852091,36.74646219223825,356.02686729392224
45,Female,147.17197509959203,58.63900724652537,7.374555468835641,149.6404498723158,36.165774224044476,147.01935164538457
64,Male,168.98050487520143,49.62593204914971,14.064814865119041,114.93490179949579,36.33584252426748,129.66265032748873
77,Male,170.4213408174193,65.2585319734521,12.245082540000904,95.71081438494677,37.03873685936861,128.69529858913367
24,Female,175.14588990690538,58.88751388048446,44.928895049191254,100.71191490776616,37.75679898732639,293.7934126002271
61,Female,182.04635072575826,69.78566452915047,49.97819314213198,111.39686728816326,36.69331959374086,316.282184066524
78,Male,178.5135426460051,46.128930287555676,16.743125147086957,120.99157040969413,36.67862134852572,182.0428516102668
25,Female,163.79636277464448,78.47051593804234,32.821898112350596,116.77311576696412,37.85076053521037,241.66411499672964
64,Female,162.63587827742353,60.480924470599646,51.238666540616,91.74663163657945,36.44587126909201,289.14828479517297
52,Female,175.79504401549855,84.93628355022034,45.30408496214378,144.26632818371283,36.16937841864679,318.10452669722395
31,Male,164.5272016366248,65.84651740305432,34.82304630205165,116.98788161126313,36.58574228193125,257.34670097108403
34,Male,157.71945980876376,69.6191643042327,37.46912297523251,105.72492287458698,36.66860776060282,243.2239609269737
53,Male,193.74141743400597,67.40447681954623,32.9598300803954,142.20604723965528,36.12627345765247,239.83162120425973
67,Female,166.89275735382807,59.677604648495915,21.36516482253513,96.33187623466938,36.93597914686269,161.9698628620383
57,Female,163.73475817311456,107.0841919340899,36.076209607245886,87.4221963285097,37.47422317493077,280.6421169820505
21,Female,148.0786994375802,62.56200732989073,42.88869161275499,145.4497489319748,36.35702261314259,296.19377427581543
19,Male,178.51402092378828,85.3528228369849,53.03276037234442,157.82775699100677,37.0437891094768,398.2658675793416
79,Female,160.12064154203458,53.59556580904908,39.99602446885864,110.75807962697203,37.19796783781339,259.13882313752725
23,Female,170.28620559567827,75.58197086639741,46.86168453737369,119.08059984165709,36.95830786236285,323.0235965927471
71,Female,179.6862315630442,77.18308245897754,13.803939922501515,97.06670570958192,37.09284629487053,131.7831237205968
59,Female,160.2773145227593,69.63734534352805,30.385661093088444,120.10985100486786,37.098663631297605,247.95609797674405
21,Male,170.79482451817537,61.434929205406405,5.513239090490131,110.48589472537606,36.59363602154078,78.87413848545503
71,Male,185.23787410193808,66.05017146079054,18.567337548689267,117.95743119930002,37.749291286005935,186.48764437287812
46,Female,145.4325294313652,63.95065747040319,44.95539433121527,128.18516775194485,37.62387841703811,310.3321407793634
35,Male,161.8949415302078,106.03039422753184,59.54954732421499,98.03709043938306,37.59495569862058,365.7755637734771
43,Male,160.95458116212927,69.66095365832771,10.454795477296875,112.76377321534865,37.50683787027193,126.22972039745397
61,Female,168.1309487743959,77.87333167995925,27.082187372370853,83.92437156443643,36.21251026528349,231.41222096870376
51,Female,169.52209122626462,96.7243763563805,49.00390327845377,112.90025431773424,37.46303118890598,333.24384655566575
27,Male,159.3873736705341,56.85521998038728,16.221959904589436,118.13131858166001,37.32780071377476,143.17746448964058
79,Female,163.45626653886984,70.56490349751907,35.529672211625744,124.57964850122156,36.231738192528105,237.01379070143295
53,Male,162.26775029547176,65.96220802477916,45.318921281632115,124.79153080726418,36.89254482242496,318.8871196878464
31,Female,166.49210754827132,68.70792331774955,38.879199764309845,138.07845501473713,37.13839672466264,287.96450826445636
48,Male,172.18222732531098,67.31482049323772,15.341360403847887,89.20666961453361,37.83215854906232,155.40499687624202
65,Female,179.1056412237108,59.021843715546744,24.54615127771567,90.27445940099412,37.36236192894713,156.33004440994256
32,Male,180.55330996546414,72.93115427494949,48.10854814669685,130.5791587278504,36.56771713636085,304.2664573220643
25,Male,176.53634261335324,54.06050833875848,35.48245827726092,79.22077445989169,37.84769422922598,256.17841510291595
31,Male,161.26025880514902,84.83324105963527,5.287628744860201,123.66600424209986,37.02188988135694,120.34795109882833
40,Female,169.96704079672645,79.34964709981905,46.85449180154516,96.39414120820213,36.87207943154846,316.94244076652376
77,Male,193.74329403492388,62.59805775453976,6.942124521713149,151.45629281834363,36.83644090170559,109.9644457019404
74,Male,180.14532692687297,63.32525017939211,46.01535805021777,125.00904815455554,36.188222380988435,291.95914541560586
79,Female,165.59495441126475,74.1326584352238,16.136430809088058,115.61687960573876,36.94511524809193,180.55556454271857
57,Female,185.8203818296378,58.021820265907266,57.69404140656591,144.55441754278357,37.24874262865283,398.92151497929643
38,Male,166.11930810202585,97.17970186202308,25.236741321614645,98.73195986858099,36.80730833623739,182.93720736038955
33,Male,163.3159803169673,75.36888593037654,22.981238898594352,102.53180731824384,37.21022623862378,163.19535401414973
62,Female,183.95731935928563,75.89894727075516,13.188842768284458,94.77090332689782,36.56780446454291,133.92749027184888
35,Female,156.903507099881,80.22167620535929,21.808231851961818,102.69921547302013,36.92953604286119,168.47030079040678
64,Female,150.86222419731644,61.30805088894895,53.21579190055103,121.22231218734775,37.158270163304316,328.6789932821932
70,Female,179.41284578060475,86.3351497267716,59.798388569498606,129.87903743987442,37.09483043853171,364.80444155691384
41,Female,170.27690931616212,71.71800049323195,25.25702417787666,139.22843370735086,36.19726745514048,208.04606092542096
43,Male,171.27365478537155,84.25218206498248,29.67358470249984,83.50551906198521,36.78049702456438,192.3024428103292
42,Female,166.3857716057302,67.03070310147504,44.71390160115054,116.56274027073417,37.8387314651563,280.0520710113775
77,Male,167.61506632615942,89.75917340096778,53.7407679255791,97.83670937618396,36.75377696283474,350.5177832676039
77,Male,165.41890097168624,76.02015440537184,37.61743838027313,115.89425817023798,37.00790377205592,267.7364026223487
77,Male,163.740070697456,102.73760536265631,26.533913399780612,166.6832716025408,36.95662212472553,256.530058039613
62,Female,166.18089777631238,64.45717574766655,27.694201246674307,125.8372352400003,37.78411987945982,187.7461078706855
58,Male,165.865487611823,73.06824094136118,43.258998057324376,137.9892994229649,37.64518406109733,307.407724477108
46,Male,161.71416228981263,54.52635629694763,5.177004498235328,159.21382544322094,37.403765499909404,163.36259294518817
32,Female,164.54830800668157,62.060526436806704,39.07741356029124,142.54716486349517,36.51337884331373,277.8333584785338
62,Male,144.97240478337784,79.28029821771858,24.552115574274655,111.04171040626031,37.17959152459604,218.56050267126494
18,Male,176.8464220155517,86.93986656309251,48.680853220239634,94.48335826860124,37.28397087153757,333.04804217991506
42,Female,173.90253268983142,114.47515527581083,10.11448519027227,119.39711460958297,36.65069758220197,161.9175019989216
24,Male,169.15091167504167,68.55056640065169,37.351124682161476,108.64588431562629,36.56474144707616,264.9769692299625
26,Male,172.37324384759742,56.001798885316035,31.453508943736807,89.50957426761651,37.85250707360351,230.1445911729714
41,Male,172.73577403138628,81.29988640565863,40.327903924787506,124.81849994578937,36.849598343891536,302.41900791878993
18,Female,162.75998203395702,53.082591692480406,8.56694769656326,125.31772596118665,37.80748840945557,134.1272995374409
61,Female,164.67419697779596,78.46416082040105,36.89910830854722,155.38233400526573,37.498546877747266,263.37759332122135
25,Female,175.28316609630377,62.466164257088145,35.8816523377738,112.76473862326372,37.20393839118766,220.38279062674758
41,Male,172.07503485159137,73.1739245557059,35.8363051928894,125.60242777938899,37.22626571817974,232.86324635255713
28,Male,190.43320489682304,86.36569153247001,38.19182166280501,106.6902917061957,36.29979021983462,264.8107617792106
68,Female,186.19612155437312,68.33899856378956,42.20573654744992,137.4633886138693,37.10338738991721,312.140611301774
34,Male,179.3301214038835,83.99318626492932,49.27439498244234,117.50764407619741,37.708510206490814,308.2355272795575
25,Male,162.3826508427218,83.09737822928723,19.84013960705179,96.54816782294515,37.340669751592806,190.88340458720577
52,Female,164.35442996730424,42.03502707536358,50.37771755990342,119.73056356669684,37.07716834353221,314.31887421531684
52,Female,159.97953276371265,56.475988809466415,32.404062524489945,127.81045795130002,37.855968597908515,233.01323401705807
50,Male,172.7975734978671,46.57289707906793,9.238205352388213,125.10546774827125,36.9074796386696,105.99348984220508
76,Male,142.59045155540298,100.02605653795203,8.220301108418855,140.9179343099174,36.69022216248916,103.8725624781131
22,Male,165.41380723057,68.4191211184401,23.383107528283343,91.03887255918622,37.07691595803913,187.5469928252348
59,Female,166.93283600678183,96.71243819449964,48.169333741130714,103.14514819970117,37.383233684055796,355.6863285206254
56,Female,154.75709466830008,45.505715791870244,43.92245141075037,132.79574663591075,36.14110295209587,298.408554638617
75,Female,177.97736314578634,61.40847363177211,48.37382305698235,105.49462044077858,37.142434321745206,276.02633476093564
58,Female,158.60858271410117,82.00747362648958,33.44979810428852,124.80942498660414,37.40517250776816,269.86280133502044
45,Male,172.6774266570326,72.68911906640027,29.21094488755198,71.60509505176475,36.86517918735157,171.1680478815026
24,Female,197.8377742348905,77.99289839220188,13.109888968845617,174.31893144625764,37.55348238315132,151.92609214523372
26,Female,153.88994390044778,51.192876493101146,23.050601448512136,114.60562936885327,37.32059333120554,183.14692142864627
25,Female,168.5144859499295,90.65205239318394,28.87106513956314,143.87912519976555,38.070691559255536,245.9473727864576
29,Female,165.92539862364734,81.65524143635933,9.873023632378947,113.26204348833018,36.62469855120939,110.31943231363107
51,Female,163.98031321103616,76.0243825823721,17.13365739911662,128.29397057461773,37.415354925248046,167.07626592628398
50,Male,177.6025109463536,59.715845783772885,37.902391173505634,149.83839292690544,36.4913380461013,296.64915408132646
65,Male,181.06329104828444,74.85700191408918,45.46147128315544,143.3161203841677,36.192316774361636,338.46609487824816
72,Female,177.71638149301336,65.62765031509764,59.90911312661223,115.91090040629551,35.98223457859106,402.2184393670235
40,Male,162.76660917548767,45.24263184943357,56.321233223895675,117.29491349212616,37.26916201119846,392.0147854662414
79,Female,194.33848078402417,69.24365722417768,40.341085974435536,140.0713312036657,37.09212395697205,308.7119790744862
41,Female,152.2975681165811,67.64904402666211,28.16864293117396,166.66488808570602,36.76047447131912,240.1356416186366
54,Male,159.67370930965706,85.9360226481268,39.9897550589528,123.84565348798083,36.11324783302519,304.8386846556519
52,Male,171.69729284390374,36.48360336528696,48.21083899441276,159.14127281083282,36.65480668693066,340.90423706716996
61,Female,170.8939391914565,73.52799743282051,11.508490500786301,115.17171179159588,37.002046503837725,147.3140471801007
57,Female,174.8804407937875,52.66647927841424,27.544768933295853,139.03920727019604,37.39658468339655,226.5877677865353
39,Female,185.801340950752,74.7883501329332,51.189125709958944,142.02311524494573,36.99173212487619,331.1526091690695
44,Male,168.80149080634402,75.6142008336596,26.11081235631742,111.80078992294453,37.12603017135264,188.57678883671866
52,Female,171.1372946021298,68.69732834304712,36.452974917495254,105.05843841396717,36.81193380951293,253.46092827587114
18,Female,164.0548394727575,82.10939687216626,37.3273148474209,142.90778377094705,37.87461210126358,285.7014867011553
52,Female,175.88328518460642,51.313509113504516,15.146193922350164,109.36886125513887,36.49087517783589,132.22063451473736
54,Male,166.8152148934966,86.6158067542255,24.92294929087586,102.11300174649195,36.650380891357436,210.12282832606442
64,Female,166.80942978933658,59.378817007087875,23.398120880806268,106.32080996401805,36.75382096300324,229.57997256895052
31,Female,175.4348315296378,46.66152024265156,6.440818969263564,109.28773323149177,37.27135219898836,65.959803149294
20,Male,180.349209270806,65.91406044250286,6.330547014024539,137.13234209251354,36.48057010510656,131.63801380040553
18,Female,147.91893448326124,38.57263715980022,50.74333740216754,130.30085346552374,37.067859295274,329.11941247372346
22,Female,173.6077842467343,73.81260838369303,20.018894548504683,134.31316489515783,37.08245507171328,198.4079488119033
43,Male,167.2979668132246,66.11124336129662,33.49433214313485,128.42759622196166,36.65282101463331,242.90453782583822
72,Female,179.47616937661408,88.50530382064053,21.42990654738252,108.12319675506723,37.16498973047843,184.84152455969502
31,Male,167.4987739892549,79.73386315760493,56.737358481343726,133.94205711816545,36.49609305063129,377.16798893324477
56,Male,183.010524331623,49.12005494217985,19.261321737617557,143.64907653210608,36.44146292876913,176.83448576608959
44,Female,163.2358697951596,57.424187633231725,28.63112470064143,131.69006432238618,37.04980287826072,195.8170856069718
26,Female,147.6967009237411,77.80996630801313,53.0001637766531,128.993118132517,36.17012220726097,348.1620672290389
32,Female,180.51593040671668,82.70618514977552,51.30634617354948,104.65890986858648,35.92759864872488,305.3443687830494
32,Female,161.5645503775453,88.3375137233032,15.235577981545253,124.23634157948956,37.2664166503984,177.8611770260682
43,Male,154.19748063256472,88.21763927958023,49.145382038764076,103.59517341102597,37.524484971295585,286.678886661645
59,Female,170.16053418643932,68.65716084628141,30.200278770584095,119.51944283838792,36.76659844065374,251.93135111511666
77,Male,167.60821333969832,75.43983433376754,31.56328796469454,87.19466721549368,36.665964673951116,232.6369837354194
30,Female,178.23104975745008,89.48107755915694,12.341398482876908,87.34883194015814,37.50276761298728,140.8935039668886
68,Female,178.9241081981521,65.45037307096078,9.433083256641856,116.1790462010594,36.42723089100054,81.60385394807042
49,Female,170.95620445889392,75.69589280410186,45.03666188355709,109.0312065634602,36.31831368763942,295.83569177891496
56,Male,161.15184058082016,65.09678830480523,32.30536337954149,122.13574386948346,37.35381821185425,265.19499389708795
66,Female,172.86941261224297,61.73577828301859,29.026788643834877,117.30462841769761,37.00451909325616,211.9348313323229
69,Female,171.65194380120576,70.72577677428706,45.12295257588182,120.6038157442031,37.53243836964512,285.5731607845225
78,Female,175.68936674469643,59.68684822990613,47.10320944451104,132.17214884713482,35.92986706061101,306.7747742149802
49,Female,161.251932862553,68.03626040845376,13.739949221814445,110.73462088678335,36.29966300444072,143.11238222221326
21,Male,165.99627126832448,54.47567703201801,38.562383221270274,115.61112376710274,37.007166029922075,249.9327720932519
47,Female,175.09378116336106,67.1500841922643,12.444474525272703,149.10042445526327,37.20883684924189,181.5939547534603
54,Male,182.47327055231725,76.72585440423792,46.32562973159751,120.06168253650054,37.42349854384473,313.3833956477013
40,Male,179.6592200795959,61.16854695689806,41.132533594692674,116.41579050749222,37.08740888440439,271.10974035532035
56,Male,170.82054871152798,70.13937628796369,57.61380415959019,121.65025398646378,37.08232757767929,343.90909014086037
62,Male,165.12604976078853,72.09013890431896,8.792690899603166,116.77271253980939,36.8052992284849,133.66578454479497
32,Male,174.03820558679305,76.78802337732002,8.138009663318988,105.80855414093551,37.79545245245226,125.86405829448596
60,Male,159.0860956270653,67.99630238042177,20.520289108126008,100.03940325640559,36.448488272264754,157.17585975926553
46,Female,161.82998560739105,86.28799512801709,19.393812605474828,104.7313731969999,37.17951007627797,130.49456759799634
53,Male,185.09771312459623,38.48621707822123,18.58383394895999,137.45838373541574,36.50609558270599,181.40947052749186
30,Male,174.02034480046922,114.0662927075166,54.844001928657015,107.40189490563175,37.267389272902506,358.40477708313585
49,Male,166.52473266227045,56.93299353943725,18.725040991722835,116.90150796327447,36.481491215306114,175.877280360596
24,Female,178.29138684585268,76.05085035031117,19.957234937074706,134.01472570265796,37.37190784925023,228.75228331458862
76,Female,182.86974963849593,55.922981346912266,46.76690443298801,114.43217658378043,37.05605247341226,307.2908679867228
68,Male,165.5536244175436,79.66402239263952,29.7356913347797,132.66722629687305,37.87231958662934,228.63450420327146
39,Female,165.72592057550526,74.14853728892392,47.71908063253497,89.18413915138267,36.859490176364204,282.48559457207654
45,Male,164.47354226652993,60.23929693982366,8.595138666041189,117.34966640916207,37.21248305812377,113.4738797868331
19,Male,179.63850318715362,86.09631018115469,31.816415652036138,121.57792193197017,36.61017185976964,248.91147927282498
59,Female,179.73557447520125,67.54058680597119,6.848748010080545,120.46277446196336,36.85605349677935,115.80345173515096
62,Male,183.859033212911,78.20823907085506,8.4459261900445,86.94162604322233,37.05287473972218,143.63222249443226
79,Female,180.08602949848836,56.24260292205946,54.8540599339426,144.0622529286161,36.23639003876431,373.15591831995766
74,Female,153.6778192057148,69.5366854664263,12.658495411467733,102.90654110057167,36.29118803290761,132.9107358174082
70,Male,172.80964320918198,100.05110900773157,34.28313752513694,126.70074250524935,37.29992964991782,250.6501800039594
23,Male,159.4161459715295,84.44448293671195,27.61025814303886,120.15928565294661,36.92695658923416,228.79773369834757
45,Female,164.87085625028584,74.61431133176578,24.103882944236346,140.07419047621354,36.70353673347599,194.80064019116506
45,Male,171.70594203580862,63.26618758585306,54.490834012799986,163.74977658748412,36.631506909791625,376.905536224256
61,Male,178.35565398349905,71.01247803812514,6.200286822651923,94.19271030914328,36.650755602138155,109.14981121736565
61,Male,161.09156657548922,72.96348985258572,41.5084327396574,107.02172237455002,37.05627535750411,278.61302738590877
37,Female,146.752803385476,76.73842652379618,57.986693881745275,123.78184987678104,37.222517932058096,362.2401934229529
47,Female,171.80530841805432,53.85009237733502,35.80925009040131,97.89293364894417,35.953946385187386,200.441808042981
79,Male,196.4357158339855,80.02611941413548,56.52523541182005,135.6436521591152,37.70641702838495,397.33257349130633
28,Female,167.97153780329847,53.65610352558021,7.874183360731307,136.86745244314116,37.670850381471,131.9674818878068
75,Female,170.4691543495026,94.46688778422808,28.033632549078877,131.18898151990075,35.83467261822655,242.65506547230885
72,Female,187.82163618536077,58.42557516374683,19.308678502912812,124.73163501752394,37.5429633481614,145.20983585690408
45,Female,175.90274619061788,74.44942479514263,45.19515307394014,147.39417555939562,37.527609425665524,349.60445458274245
42,Female,172.1686103698294,85.07713859917027,58.97133997734856,96.88749036662276,37.00022274709377,359.51924931744367
56,Male,174.42116665313472,66.21429934803325,19.10915343443363,121.30536390685107,36.35141568905756,170.28683287601393
79,Male,172.50243932573647,75.10900028649787,40.979603081074096,105.22394262539557,37.50761404583253,258.6569496956411
50,Male,158.60245571843294,91.52772323785078,15.895369801785707,137.79832665130337,36.87938446685133,140.09541467913849
18,Female,156.58554842200303,78.46604481839898,36.093164001438545,83.33317670987134,37.27443942190948,268.8191480421194
74,Female,188.86828112124238,75.33325944511529,30.516286767858492,119.4383226881404,38.10960063598089,260.63252040484974
44,Male,171.83883351905158,44.72821907769307,58.46029312973454,126.70477374139897,37.12591837531181,365.7617552156135
79,Female,171.00095442579698,55.99416620889666,38.46899999830566,101.05015730052452,36.54155765414072,246.08063710833255
74,Male,169.0977233594379,85.70380191475019,24.222850464775032,107.47619935556867,36.832134502540136,193.02260919339938
69,Male,177.81073267616452,78.54925458012073,11.275268168836336,120.30757962744211,36.605277319879505,133.10260723122798
30,Male,195.38691101737487,80.82199410677612,13.3185755804214,139.10192758882954,37.21674485872426,136.39324548496262
58,Female,175.23952667107793,79.53095398322345,17.39243114731793,99.34261542825892,36.5969662206251,154.64764533680932
20,Female,164.11913173685448,89.34634792563061,18.80316637371639,102.83100119250628,36.763574288825176,175.2972767012108
56,Male,168.66599142108456,66.07900112567316,51.78388318126258,142.51175542080688,36.3577848127962,370.36213890739333
23,Male,180.70996467205254,71.80749938183952,35.86725335553887,114.5404920016033,36.93395649724043,258.4336458733221
25,Male,164.17199398587002,54.56988500306374,33.78650012559015,104.44921920310045,37.088377396651026,206.00104155243136
44,Male,178.52246489030267,50.82966124845436,11.312287952806962,134.5736959443383,35.65760597644125,146.1681433747138
26,Female,146.7926262602187,45.34388926617913,52.30768313421892,110.23606005535507,37.12978678074011,325.14100124523077
79,Female,167.70120428553614,56.72254751500228,44.75478667646661,140.5484307067755,36.97714988445161,338.47310686989886
54,Male,176.2814001348067,93.28842723234463,8.721759904500086,106.72559246040575,36.61750402562193,153.54727996328685
50,Male,182.70125546575716,46.709093982759434,43.93093034763728,116.80810876350009,38.014314462134934,321.3605205601103
68,Female,161.8152578295761,65.44696021634203,34.89460195384554,138.89943330777464,37.47923826380238,252.32505578055202
59,Female,154.97234982369397,50.60282014530763,9.494894016072804,115.47478257652497,36.4517987569243,160.18980887896993
61,Male,167.39264835108182,60.98539055494958,30.206535284076104,135.12106644157294,37.41911843978557,243.907676905566
41,Male,158.74580992253112,72.54540688528029,31.658295792152582,118.6890478643799,37.62224903801053,271.9272330719096
32,Male,168.5096333327047,59.49826190192488,14.117599708980165,159.63383612800058,37.06601046130878,158.2020029028434
76,Female,169.93346545368763,86.34497297524692,57.013398085015524,151.37557208205698,37.18072101847366,380.6863336064877
71,Female,156.80854954798056,93.0096718127435,51.74864543143641,93.43807475132505,37.1691733334608,338.84571313010935
49,Female,178.04439110110866,36.263564079160915,41.79622855310096,130.4448736249602,35.95709207053836,288.12020099401195
49,Male,168.4278610663555,59.75511504473316,30.426255855033396,103.67192027797917,36.9065652015748,246.9900127969599
41,Male,180.8045986900535,70.88713183408633,27.647104787147967,123.8301387758546,36.880543579007984,216.7741465029239
58,Female,151.55094759703906,86.89175539023071,40.80354069330248,121.36741258620522,37.71507781827994,314.0612361828914
69,Female,159.8280782945461,63.186335872701065,34.998752817379795,98.89225965815025,37.16686393178094,258.0404848204375
66,Male,175.16669308648122,69.70096907131284,8.425020823503708,141.1696908706065,36.851194518941654,129.3523959020727
79,Female,162.00889429174734,52.64883662422077,33.18764568236824,124.0660588713815,36.95493762950449,256.85944118444445
66,Female,168.35464341950305,47.008062216064815,49.35219894780617,114.30633928654834,37.5116927908137,308.5512821104635
75,Male,170.00699117557176,91.680770343744,30.25819326783269,111.2378035151281,36.90770766837734,281.4182151999651
69,Female,171.58255980953368,42.63895189160595,7.857611765484762,122.79553939532471,36.6509022334542,60.190867671079005
29,Male,163.22433787266294,104.92928512632349,48.24530096612182,128.15850035028572,36.86214890353957,350.2434046335498
79,Male,171.49286563472478,80.87727099072612,16.07500801747859,117.50048427283468,37.47034807191134,128.0965453354872
56,Male,162.1745629476552,80.19959613275134,19.224145918842133,63.34960858447583,37.24808245279897,147.34227866191262
19,Male,176.74280468746775,78.63203001241645,14.058849438776274,120.33781432484967,37.022133986674554,152.34060157060622
20,Male,168.85155980516976,66.20971467998554,23.161828567932364,91.17035876780446,37.09576964972241,211.40990780583337
66,Male,171.55036623595518,75.88126794551304,46.621332812874925,115.81094868701848,36.72012876320226,299.93347454999997
54,Male,195.69926839690334,67.16654968323287,33.56622227271656,91.90871485860717,36.903025299778676,260.0956720110918
66,Female,158.92895545399978,78.29609914660719,16.26847007828919,91.67004729841065,36.66834783911274,127.0898709801375
73,Male,183.88582269040288,69.49470209636927,53.28065429836224,144.70243643897055,36.852610357850125,386.5362948153046
34,Male,143.4064864295063,55.74477725347398,53.3770020223341,113.5981603811122,37.67308913181331,330.92061464019935
76,Female,149.21623345081056,56.94141075607366,52.88181337753038,112.06675680356165,36.4610640943114,338.99355890107717
66,Female,157.5935992231243,55.23591437061245,18.13379162598466,129.65048097657183,36.65564116678854,165.33739966718488
19,Female,158.22471634725065,84.56351097901464,29.818163929954345,112.58818953855096,36.37285056853212,256.4012371950637
19,Male,172.0370179813885,60.738300813113526,59.17443108774813,162.0761218425482,36.2645456214062,416.8865034686238
45,Female,172.89842264168468,41.318452583727094,47.46068619704947,114.53960478547961,36.906614042902355,315.83880356479574
71,Male,167.45178731627635,75.95257998773208,6.49420816740579,127.30250823966021,36.691195409099606,95.8707012614432
40,Male,168.5012203323754,92.71776343884372,8.586252519327063,139.41882662753721,37.880844465396095,126.15556758145217
54,Male,175.2776476093166,81.5962478376629,30.516225724678304,152.0450645121382,36.8585767269111,232.511004720637
49,Male,178.33223877620742,60.95014652167431,55.00711132238581,105.1598772868472,37.644698431715014,300.9376814760117
50,Female,156.7346098389024,46.19782426607367,34.62859888739928,111.6407299232271,37.48400323747032,268.04906871543295
18,Female,166.38109028766996,67.98597844963734,32.37968794188596,145.4918375058703,36.89552292238799,248.48368147040222
36,Male,169.3041017708699,67.61164182854935,10.801053497614681,136.20124608105382,38.05506779104281,135.61950379131918
79,Male,174.85315996560453,55.46200584529351,41.12290575983617,141.50351871336917,37.1342669932324,322.9269345779647
19,Male,162.2733285772653,78.26555953363805,50.2156738330124,92.62590912880663,37.756504633001995,311.3512195418294
70,Female,169.1077882440633,97.6993975124571,25.92310041291593,150.95999507848038,37.698298445790634,217.5959001438383
61,Male,170.2998363452716,73.33424076187426,47.65865180089301,104.7718491343039,37.20732399255239,308.18454338987954
43,Male,162.9552989654047,72.40714310498268,58.046215964544636,123.84585956283792,37.37556542390293,351.22277149809906
49,Female,162.71684850052114,55.941579267492656,16.2071552520229,117.03554244816459,37.31203570755974,163.2231366502037
23,Female,170.98745777637333,90.96122054590558,33.78312971571077,102.4303432690386,36.427869284304144,239.94594481156142
49,Male,168.6965485401279,68.87283749784974,20.792587694651655,91.74928473157993,37.02864517722651,160.35400387652695
72,Female,175.00477519420633,61.31555117208744,48.60699304686116,85.12303766734205,37.53712361697233,292.113085979197
21,Female,159.46741279355004,70.95532590477424,36.76763512346366,122.3803681210795,37.76309315868083,264.19052757245015
72,Male,166.49318472121212,77.07941999869914,39.902032965266706,89.49361819533088,36.63968016408403,269.0504224340057
28,Female,167.70783948446407,72.08823112967355,48.885278778874174,97.32368809826234,37.26441565090651,304.31520551425365
73,Male,178.13863908123605,88.09230093505887,26.77837599643502,115.6392824360356,37.075435106638764,210.96389275880765
76,Female,160.595862254321,75.75957328820293,55.329953762387376,67.223829994802,36.9410629677092,331.3590992594118
34,Male,172.34652005155087,65.74087283676198,34.3165876985377,135.57959424088003,37.178001314612516,255.44663475336637
55,Male,172.52755507537887,76.01788324490335,13.68751525594414,71.80223665786384,37.10899870533307,127.76557891962389
41,Male,186.46397242679973,77.49455651688936,43.27445149928413,118.45255217334454,37.27070378443629,285.3134844731995
22,Female,159.92910635693738,50.55436121104237,48.629374274103995,120.30038453188578,37.72085838047503,338.5552301823054
69,Male,163.42766681882506,87.24129592395572,22.421892238713966,130.7612344036362,37.39206379543235,205.59903072076497
51,Female,160.6264431777668,65.48643970957961,52.144859134931416,119.16638395220212,37.15529562943635,329.87648450713453
23,Male,153.302208279316,65.87015164741855,54.83787901211715,160.35815927666476,37.932312528411536,381.01720454071443
39,Male,187.64686934262718,81.27063980613919,20.22974680577949,124.32633763137001,37.554964797940166,186.20572281004993
28,Female,157.58498769050877,81.20747836389373,59.09368099933722,141.0722479848732,36.95380078069832,355.6902454086175
65,Male,161.83694590945154,59.48752481700872,12.739134042681712,105.53074382259425,36.39143979882355,141.1263533742408
33,Male,183.1576650828216,82.0435242721853,16.11086176213695,122.41513612378935,36.506084659539766,145.98481010655127
50,Female,152.46892953061786,61.59327772765714,15.132366158091436,150.95140190057853,37.46661622415782,188.30407072366972
26,Male,177.5635156928738,97.29359570047984,54.169434050432876,115.24609750620718,36.68484376037351,352.823304937543
77,Male,155.86975654658224,57.57709028101355,40.986090377872905,123.84469528390461,36.495972261444024,299.72733256344213
76,Male,182.46694736529588,73.59216192558844,13.365735577225008,139.61706898274952,36.6209573366564,146.1104898912242
23,Male,148.30122312959142,58.26973544638589,29.217788010259195,105.15540959616732,36.65630784395465,217.54615082610817
33,Female,152.46530583749336,103.34043443702612,38.84139137883911,76.76879333361613,37.42532383389113,287.798353902249
46,Female,164.5507776504109,51.43268583869326,9.59052467441608,125.11147307424739,36.92162896210886,120.55783473251563
20,Male,179.71822690172735,77.86544120879365,53.53290026240363,139.77338338716004,36.313812699850295,349.09448339352014
37,Female,169.69041749363427,58.976343782833005,49.198194449284436,92.97108470216057,37.01552244888118,323.2702300079882
77,Male,166.64284927113428,64.6883853782802,32.7863725467151,133.40439794554678,37.11113306622412,262.7538092548521
76,Female,183.46044207464718,76.80306750617764,58.19196383925437,133.53932774679075,36.76033156927957,369.7954206532241
53,Male,191.55239538433074,88.36876656439215,27.976853860130483,74.53007481769392,37.57794254209635,163.95071627046178
36,Male,176.72257284413772,94.35094843448569,59.12606754700738,101.27422735186455,36.78953055715386,362.3722763913478
43,Male,163.77145496898717,46.94578059960519,41.73559993419949,112.08342438536675,37.55416884331858,292.3506364772908
20,Male,165.81856965990727,74.01626836546693,39.90692002896678,116.40751999529526,37.29839138983749,264.44255686364716
36,Male,157.11552620242676,91.89240405075282,14.127519241268175,105.13731470464032,37.4633027540222,150.555218033563
37,Male,171.00817422254053,44.720335918570896,53.50602670675542,104.05994392835636,36.4507245795968,319.82650751419965
49,Female,153.70407014023672,74.7157524108227,28.511932835633832,153.42965782364183,37.04915509611905,203.0458755627159
24,Male,175.518636553095,69.96874303869724,13.922837318036365,117.84881736282183,36.97358599771262,136.01959464240332
69,Female,190.05574045639952,76.21812721569682,5.693413598666747,106.09912679700521,36.288996737546235,117.84470997033964
58,Male,177.1759157979305,58.41543962010287,35.78656260011104,119.176610461749,37.55253036490146,208.6407005161443
50,Female,165.30852279805066,48.4657175767984,34.0069792167472,130.74181666122288,36.59129955154633,254.98886669689844
57,Female,175.2693741263179,41.30340362231462,44.56444923030372,121.03252753422416,36.69521608558201,272.0081463773368
56,Female,186.20533445165876,84.64575930193155,53.96419291597912,115.88544818344053,36.49334208220114,365.32625785167915
35,Male,185.7049463526114,86.56073704725031,9.367362155366624,106.99966662659094,37.350593163035185,140.59124392177674
57,Male,159.9624210843663,74.54028023493979,45.23230696871993,106.75738309064802,36.2370351406137,298.4633517611801
18,Female,175.10296389582322,61.98777475467855,15.307656925367022,108.04383227029281,37.30893740023228,145.76317001276064
28,Male,168.41898509929803,45.65431159801382,52.199737923644015,126.77629201621474,37.52225699312173,321.9558751630055
45,Female,178.06593247913688,78.45018193757537,50.048493262391084,100.11639815196426,37.26858921381288,296.92405196711087
74,Male,173.8361395381677,53.488310757449725,34.74365652420494,127.86538446940443,37.356314241923215,287.6593262096365
42,Female,146.30278590515553,59.330520628591934,44.06335392428213,148.2598951125366,37.37977323478902,294.944444822834
67,Female,166.5198691370316,61.20153880655922,22.28925622510616,126.51414715626399,36.52528783663712,224.41973896956
40,Male,171.98558362896293,67.03697161454548,30.914234441304806,112.60828942165726,37.71736748983217,213.79640760571277
48,Female,155.65635032841155,58.61439329187027,50.19002937407594,94.0374622989074,36.76996187293325,326.0570038141491
47,Male,175.81022009865987,70.50188156488454,30.259585844526764,151.5621361582303,36.966806191205016,225.47341857814166
59,Female,154.7598475827297,60.672725492404126,24.678904592899297,96.59964698802176,36.83368134082452,200.3640644442689
52,Female,162.01560952582946,80.52059597258834,32.181684598766495,136.97124068951496,37.245771060438656,247.038474987304
24,Male,183.41311919700135,85.4659437098208,50.55370888404701,132.77035721188972,36.73098137843129,338.54318292561277
77,Male,161.16222211135732,71.62814014042658,23.436442605398,115.26462794071881,37.03345786211869,208.5034324351664
33,Male,175.73966959201675,76.93939503071654,14.55688762246591,114.74042392438643,36.382328091427,143.8536412821558
43,Female,152.46426282091312,101.76783924438834,44.16077111819294,83.2857745191796,37.58233260425079,264.4141247149691
65,Male,190.81314656765142,52.410951147080254,50.4288016989445,126.60130001625242,37.3353704729751,346.39405511516185
74,Female,166.95446361512742,51.497978480798416,10.535061318794334,132.3985266479161,36.85387011904911,111.40595166252268
69,Female,170.9532080694772,80.42496851165312,18.193076201576957,98.21839767704391,36.7654254849871,174.5324160878609
77,Male,171.79036796548965,99.19814256272149,12.808459436854665,116.88357051341794,37.32231412315885,171.70345611645877
66,Male,176.07566864331358,66.09252157091916,24.136777637019165,120.757238300179,36.64635330968202,193.38038607941672
19,Female,154.80820017013824,95.9025076332814,29.769303839797697,131.69145255899136,37.06268265788258,267.1100546503043
18,Female,169.94663529163336,71.44650578190235,46.18544853298186,120.07606152246375,37.580699393715705,322.0348993179375
65,Male,163.41231174218643,59.786690769413774,40.81311716849208,87.47361292076832,36.5943714404314,251.8211711307732
79,Male,153.1044277392173,55.13961417043445,39.15107121131371,109.40124461075021,37.1843004145601,295.0264426583955
29,Male,179.8712220012871,79.44120377330181,24.380622063530993,124.49251570778038,37.157862633467744,185.1482928687479
22,Male,166.4782701640041,56.27561398325955,51.279615419661795,136.83056684079517,36.95133159066866,334.16203611561315
54,Male,172.4252042561252,71.21915264150542,30.92079420689905,107.64726781211506,36.74810520794803,225.66705466061785
49,Female,171.79845418728058,93.75197538076141,58.850771590833496,163.75299749100037,37.60739852844719,416.3604233342612
76,Female,166.65147727623886,65.39829410692944,39.87781760626552,82.11053862326071,36.70121568211652,282.37251152265947
72,Female,189.75027353630782,89.71014211965849,11.94456078604765,108.72599649884198,36.09398054943519,162.05467595361102
26,Female,169.5273534737099,51.7818476541039,42.18976591414887,118.33932793014453,37.32026679581552,290.12801422353397
58,Male,154.42047682323332,61.991363480248,22.880720848743444,115.98501672894272,36.39934832511608,185.38813956299163
52,Male,165.99618639816683,48.89283960677625,42.74799581773536,95.35715340370335,37.345940572427544,239.56672284000874
36,Male,174.9973762011211,71.09495133960036,8.830263148932316,128.9572349550359,37.66745162392172,103.67550153495529
65,Female,175.3259510937055,81.70117269574874,14.618479044677766,127.42188102627844,37.314874939199335,196.64679733108136
33,Female,159.12219064738238,71.1278063140928,52.065549239818246,120.95922891963093,37.53570565094375,305.42426280308376
20,Male,179.2948250734477,88.40575089955227,17.49487563629332,126.63687726517031,38.010024553464824,161.62472921907522
37,Male,152.3713307112896,58.76231139056305,51.037261888361705,111.52447177103939,37.48338023130447,351.4693643854989
41,Female,181.44135202616417,73.38014130533601,20.360184864992576,87.65274099782864,37.16528669631272,171.83560319942535
71,Female,156.80652110862593,62.08796014579215,40.35850505322892,105.6672025989551,37.81697409176182,291.8134160294736
73,Male,167.73754780991325,75.42514878135482,43.178281543040704,123.14109162818882,37.87738777242329,310.9460651891179
50,Male,180.645686780267,77.55604069318639,33.19601142297791,123.25488829692792,37.88438589162971,280.26596421852713
41,Female,171.1960566888707,78.73593939976094,21.79208721832022,120.82758105171696,36.753928242402,198.90355416868556
69,Male,178.1669851771357,53.94108492646597,16.695440700410288,130.97416535970063,36.322990820750796,178.41556624287176
28,Male,176.1866195970993,56.653808473201465,6.825414500933443,108.37707909099967,36.723403908282556,90.82682395096067
66,Male,182.86268613404602,59.43568437713216,21.71705206823981,120.53362114221072,37.35182080789659,198.4094357370068
25,Female,180.62209850913712,66.41678878200103,40.923953479220565,131.44185556809842,37.079579472666055,282.34320985496777
53,Female,165.46255691463557,71.30779606309645,56.60676501466655,118.30220362995293,36.89675950741157,354.5151483476239
55,Female,176.32941633793465,80.62133682785014,52.91624652446786,95.13352143187802,37.28024069940247,354.2288646795761
57,Female,154.73448138302254,57.278519509911526,47.13356270944164,100.77023260688925,36.26459745916337,321.2689532248136
37,Female,169.42095092662214,45.98471053447372,48.364603878931426,136.61704648558734,37.07058464934577,357.69579891271553
79,Female,178.1848473463854,102.33614744810185,41.57416969117974,147.84944325885147,37.55922882242394,344.96167802947906
52,Female,171.33847654246,53.02820469021355,19.315777166130164,143.50566215648098,37.27465782227912,202.58648154313087
65,Male,174.46639731517087,82.54485584493327,54.895726688820645,124.6431189948407,37.345904910916865,327.1547374902694
79,Male,167.86727624034208,70.46900315873012,41.89027715482087,95.93734795966614,37.79868639497626,315.1143803605504
42,Male,181.29069437535142,73.76958461209571,35.8242347039242,119.87296886454263,36.96692835756317,279.54788674884827
52,Male,169.19584226291008,69.97674241246146,11.104420806741459,151.24510263900842,36.673454169324835,136.8204762752239
42,Male,165.34549817595948,64.22737177079311,29.5880549093534,132.3697676091295,37.59475752133252,247.97155299382533
46,Male,178.86517412569054,76.95958424385188,30.319704916105945,115.85044954632255,37.585560315516965,211.86630980759202
35,Male,155.9484007763554,63.421191906140564,52.55099852374685,132.57250465682432,37.2791458373779,360.4402049211834
63,Female,175.01033343517344,87.49454120855185,35.065652110328365,94.61209586768791,36.91981449970878,222.55727002656934
35,Female,159.5751512577286,78.52661509384231,25.92203019337253,106.08657244303596,37.00068982550399,190.0470535408006
19,Male,182.77926829238166,78.99391169922241,58.72401806808627,98.3161721795535,36.36161352393446,380.6749325239853
71,Male,167.38972746753205,62.39315409915115,11.089632632947362,129.39143636696866,37.5564732651036,160.31956243782437
52,Female,171.34984720819688,66.45467894366506,28.240163557156954,134.28206999440187,37.53882565476457,234.78699365476143
33,Male,174.12570396644122,52.181307870369025,7.311357134427291,116.92347945603267,36.34415862476661,104.94954502750407
78,Male,150.70315403685842,64.70475914911657,45.694726642181166,102.54140646520868,37.433816041953065,256.8584382879053
58,Female,163.49415158443142,54.45136125465554,55.49421037095328,119.60501812930745,37.20205082750451,349.42854730278964
53,Male,180.43545909286553,89.69602773383073,20.402053125276918,110.26840218652384,36.4890129448046,194.72297657628627
50,Female,178.67765024170888,70.75803723391009,52.20879222395165,104.0765859061251,36.396999899463765,327.97436312428084
21,Male,172.83032205395216,72.55745852560646,21.072002675404377,126.77987370618493,37.18674663470086,190.0656289659079
50,Female,156.50536428574478,66.62280208974968,55.09235889041534,104.84015554962653,36.801147943046544,344.1563634954564
31,Female,175.85503460858578,72.96368383077112,46.467904697823116,88.67300534071815,37.90997442527483,292.1310069522773
38,Female,177.13399590205447,106.97316453786524,49.269872726279125,93.11771059273626,37.47629919732445,326.5177160883196
65,Male,170.47017213123746,65.49789573411263,5.990360558024998,87.93479066368101,37.23684656836611,88.11467519915007
37,Female,182.23170950591458,60.243804479350096,57.95456963907143,124.95023833152409,37.2615395020012,399.1868997775631
73,Male,163.16568209869877,77.94539699358164,44.96690456386778,123.00810876352328,37.66543359018358,265.5938193315004
25,Male,164.90142422500026,32.11422049596268,21.761310246237333,122.01040189016324,37.42325904586367,168.52916660563554
24,Male,145.15388420914186,70.95935180366399,50.616706567236584,131.75463304959885,37.24988321924801,322.84353043173707
20,Male,179.19827510147664,64.42430645060648,20.483665912821145,143.83917712234233,36.50986941185125,198.04742206114705
34,Female,173.13861963470134,55.115301009458584,53.001461176137035,108.15466938349769,38.53097348270311,337.1621265929341
50,Female,153.1817967486677,77.6163650546725,11.191921472656535,128.12954954476837,36.448408621345884,175.75315368305718
65,Male,152.4140100000585,70.80982627668689,43.70272876034377,88.40768985188247,36.84372863144992,322.983277576622
29,Male,161.27369372628988,42.96386638758675,34.73841621547007,147.57419492526702,36.172635861795,244.90666934485026
76,Female,177.93657941980354,60.30205718211344,10.309395860749245,95.10337523563686,37.269399079384634,117.19928537687127
68,Male,166.9963951191137,26.67593192210913,18.304160554236145,105.79837761919124,37.07555521864241,156.34885949589622
39,Female,161.95213083339675,74.39903971200255,5.682221995252314,108.04580972533815,37.38263821918238,88.79745178578469
72,Male,159.93884106916505,74.24949127660236,30.782238100547822,89.47458006555576,36.13046718444778,233.49096863925016
39,Male,159.49088042171815,58.1007715924949,21.56958934180002,120.65151154817124,37.556452833690464,180.8137865855353
63,Female,150.6632169889244,78.1016906752469,37.90966163637673,124.27807736402963,36.59628229926519,253.765157054453
47,Male,157.92604168353625,50.762520683177165,21.348079423973946,116.211726580369,36.925497400318065,174.48365052967654
55,Female,159.29421920322832,55.502244610975104,21.49555113288416,89.19504735937846,37.465785634340534,148.77246127258957
55,Male,176.82623236457147,76.25785696573847,45.875625930238186,159.66772469703423,37.13063334206595,352.82228567781476
62,Male,168.34276946853385,59.66999867555585,7.64785597880944,130.98461593003296,37.16597127833343,159.66377256400384
68,Male,161.7441515698254,69.06014565696333,54.6592247355593,172.68444087299918,37.399589409952696,385.2527752892759
71,Female,193.09722755406187,61.54526458860486,51.87451309151498,103.89781520227416,37.21439531996936,332.0105877963589
25,Male,163.36103086453335,63.83603265551224,41.72925757745236,139.15764456353952,36.82944604872564,300.42461530316893
44,Male,181.67102914383636,64.4916367606751,37.62718635590613,135.58547774788326,36.91676543588238,298.92084226044113
44,Male,186.21108557787716,59.398648641727334,54.07663739768087,114.18849793805276,37.105939339325914,368.51101062189264
51,Male,154.30039662342656,74.53674571540186,15.193159874079294,148.22101802118448,36.552221953226834,170.12426072464464
38,Female,170.73962964073567,60.58107269869076,9.343303920495574,111.89179984772443,37.49800432969433,125.88853988352912
47,Female,164.82466349091777,70.23530070693403,18.173059345024598,112.78217161150786,37.14432696540374,181.37990088649872
50,Male,164.01075603440665,59.06902477938395,48.70180532851047,50.57140216123234,37.03738813396098,263.76168602596897
45,Female,175.55376816806907,46.98552060423312,6.906864669956583,128.18056107485273,37.596248279515734,136.97242481688835
64,Male,163.77129503576717,83.68652873888749,37.05437592959193,93.48980176635187,36.939943178394316,291.8193769773464
50,Male,165.0403095367353,77.49290477643113,59.749063390522046,108.98557608608978,36.90878950142379,399.78661852537357
22,Male,168.31885104374706,104.33023103196508,52.06328516106467,99.47560722509945,36.75768561799802,316.4414204951715
77,Female,166.2660073162343,54.34040740002612,33.679512897397416,112.67536921363477,37.17153350446297,201.63736220543484
78,Female,158.26429792987875,66.86559269001954,8.50025001076533,128.8776046043487,37.15422505416576,141.1741036333655
65,Female,177.95906504847474,68.07238778716291,50.72554329121404,120.22283126097516,36.66685789974505,318.95705944346486
36,Female,180.485309385076,84.84054157423196,37.94381794974658,134.19282581011615,36.9111530114433,288.0103322085203
21,Female,173.43618589535217,62.393381588010875,11.321314838276177,145.31259071171263,36.67019886574038,178.6838584237914
52,Female,166.23447348977734,52.434372187362186,10.162150665284592,112.62408126644328,36.64756577309225,109.71400208788506
66,Female,162.9478926367022,88.11713962691503,55.029475069012584,110.42865515967773,36.13505108413658,349.2457516847971
34,Female,162.96379937073553,65.25024956108157,41.806014461594316,139.1545530732402,36.88454487315922,303.7168831646825
61,Female,193.5737636503271,83.17965264589064,50.610773962421554,140.7409457747986,36.148893366959996,322.42804569362966
45,Male,179.37838301566643,81.43297601188317,53.34383951552471,134.81181736206094,36.768592156830245,343.39787514210144
47,Female,161.5988992141666,69.5516428914655,36.447479362657724,100.95642386521301,36.693652677061195,254.07825168836018
46,Female,171.6469782743714,67.38529442447879,33.45954934652727,128.45310131003208,37.525947528632805,245.730788338641
63,Female,166.37464974900638,64.12652790505294,28.67350756765446,122.18941208094579,36.49253259684518,235.8683573262456
70,Female,175.8380037615629,69.77210306845016,22.43206232851156,141.05057882699327,36.61940680759276,258.93682426537487
23,Female,175.43499102789343,82.94650339255946,28.902777847229146,108.54255820924503,36.809237930404215,225.65188614689856
52,Female,180.83609653905472,58.05339728410631,47.5633810651586,86.66779417700168,36.70992817424861,281.7325826787656
77,Female,161.49443541337806,71.6326844531368,38.10578870583224,133.80473600760544,37.68462739871094,307.2859239640562
58,Female,171.0473529863813,53.22052857701789,54.08878094751653,68.83263233485795,36.43071631347519,289.0500099717126
54,Female,152.51453015042475,55.08840650436711,29.385900790855324,105.3697319220734,36.81029775050708,188.36272844604133
41,Female,157.42659699571155,69.53591504266564,38.38992682953147,99.5360897736341,37.1660326245822,250.67638477431962
46,Female,178.8410083655918,40.59762987559252,39.72191542005938,99.40130658188507,37.440591671521005,254.8317849435247
66,Male,160.49316208594672,100.90837924924078,37.5433439268479,105.01937058089808,36.8098792220349,258.1174639691166
63,Male,161.59091201952145,52.104100676346455,43.6448575197034,144.34747139503258,36.0409501997481,305.3990070104768
70,Female,169.9172192544995,69.3986723101517,18.058840760614345,136.41110838012747,36.924947889207246,184.81419774110788
48,Female,176.94761030846539,87.52326582725297,33.18000776501849,114.96538636014989,37.67601423809036,271.018902458846
52,Male,159.39173204165903,57.05641991874252,10.732364154459122,142.67246943718098,37.141093703715214,143.9387469433845
77,Female,135.19191171239916,35.45954515682925,26.14812302046469,98.75405689667252,37.118208931179964,179.51658214380646
50,Male,161.29776757856487,63.325813598129926,31.82168877416954,96.03433228505683,36.4684910042115,246.41626182160334
69,Male,182.05628077952838,56.877694298858216,40.87233427500099,137.2719331849318,36.417164204855666,273.7066367425257
78,Male,173.43135051016873,35.854397371119965,57.279207892241196,131.59286458645295,37.00902082431705,330.296736052022
38,Male,183.23874803787214,74.27334838858299,38.035808660159574,110.79473196833354,36.2868105388593,291.9775341596304
49,Male,158.68183857867305,73.10640793349427,45.89766538971079,97.29078212603739,37.39068111118126,322.9027052878403
40,Female,153.60603732335943,87.13489681807528,32.84463327223615,149.1946375007588,36.57667687556682,249.1149863129006
50,Male,174.62548552647542,53.18766451719419,39.87572172569822,85.59794898104363,36.987671359634255,250.15190539775267
20,Female,172.40022737685047,46.01295270329481,8.901271887357538,108.03148129312879,36.05711654062288,93.98743498774195
35,Female,173.05554320377257,63.89915375430124,18.991536946301586,124.57153055035795,36.80309906577825,182.94568048427993
42,Male,179.32996642650568,68.67486011486358,24.90192012628263,156.0432961686289,36.4070697264349,257.7746925775483
59,Male,174.2168492391226,83.82024404479745,30.987134525358247,127.6620042414644,35.839021791329095,257.9703839328651
48,Female,174.0561759314038,91.15852007507738,7.510681002631106,129.60609306026598,37.27092104466816,150.4185004174724
71,Male,177.15007013801142,88.21718700861021,12.701325365432472,108.61232599703746,37.82057976954579,160.6725125620844
75,Male,175.02416632187027,74.14815500339,20.224786928521816,131.36960450549196,37.56473679467197,189.05080042519018
20,Female,178.57445931717405,81.99248880256222,58.434297999557785,122.10618641758174,37.3408453449519,399.48913860557474
57,Female,180.08520824778583,60.39259847846223,23.224085390667792,88.23070919164884,36.792939416027224,193.25417235095804
63,Male,185.31688801240915,72.5259278871287,31.512258196164538,135.85869706986213,37.40294511427391,276.03733218495506
41,Female,163.5080867509632,52.13064791068291,15.785374200611612,139.407867796937,37.61192659928686,155.07902045149632
67,Male,174.80562107410748,70.9402809533031,38.592903909167255,136.06730097642327,37.068410914835646,247.51802152913115
49,Male,166.29676631402702,71.32970046097019,20.437576853378587,120.66655851331603,36.40781991384399,204.8250939593036
64,Male,161.66441012720733,95.83192908527455,16.38459181411347,100.87646233700706,36.75030785070432,168.1061593767744
